Date,PFE,JNJ,NVAX,MRNA,AZN
2019-01-02,1.0,1.0,1.0,1.0,1.0
2019-01-03,0.9720229600356115,0.9841095466345476,1.0355329354559057,1.0110893722857142,1.0140213303845231
2019-01-04,0.9942195142042446,1.0006261999063728,1.0862943548098198,1.1063274082764996,1.0365081531038352
2019-01-07,0.9995374069386525,0.9942073985695545,1.1472080967624065,1.0613177128986162,1.0259260999518758
2019-01-08,1.0041617144185793,1.017299403154791,1.1675126451400275,1.1056752020414726,1.0087302501704083
2019-01-09,1.0020808572092896,1.009236574767247,1.1522842580617427,1.06523157240553,1.0
2019-01-10,0.9782658360010209,1.0153424022991275,1.131979612864398,1.0750162833824894,1.0121694201267017
2019-01-11,0.9914450717404739,1.0156554391781896,1.1167512257861132,1.108936730894009,0.9775133918332292
2019-01-14,0.9796532094016764,1.004148637453844,1.0558374838335267,1.0919765071382492,0.9404761521632368
2019-01-15,0.9879769425763756,1.012602651560498,1.0761421290308713,1.0821917961612897,0.955291112396996
2019-01-16,0.9736414270752473,1.0022699746606012,1.060913645132863,1.060665382244239,0.9468255127859369
2019-01-17,0.9819651602499463,1.0104891638023656,1.065989806432199,1.0639269110967753,0.960052998768683
2019-01-18,0.9833526350964487,1.0230136034486912,1.040609096755242,1.0887149782857128,0.9669312314049995
2019-01-22,0.9773409542158662,1.0082190629935155,1.0253807096769572,1.015003294002303,0.9595239122025255
2019-01-23,0.9747976053910757,1.0082190629935155,1.0456852580545781,0.9647749533894009,0.9706349446443716
2019-01-24,0.9468207683183809,0.9943639485461477,1.060913645132863,0.9549902424124415,0.9468255127859369
2019-01-25,0.9396531120136635,1.0037571994382366,1.111675064486777,0.9726027346129034,0.9457673396536221
2019-01-28,0.9139885301267789,1.0097064139193996,1.0862943548098198,0.9425962088179726,0.9388891070173055
2019-01-29,0.942658851008108,1.020195577721765,1.1065989031874408,0.954337911758064,0.9404761521632368
2019-01-30,0.9613870731209491,1.0304501688557381,1.1573603225413551,0.9869536979608291,0.9510583125914664
2019-01-31,0.990075045579619,1.0417221456151942,1.1878171935176485,1.0828441268156672,0.9677250758067766
2019-02-01,1.0001038805471096,1.0504891335267859,1.1675126451400275,1.0580560596267294,0.9695769860645979
2019-02-04,0.9898416186861627,1.040156393552765,1.1675126451400275,1.0613177128986162,0.972486854902193
2019-02-05,0.9821450237362992,1.040156393552765,1.1624364838406913,1.1206784338341005,0.9788360009723521
2019-02-06,0.9872760532209259,1.0410958195605726,1.1675126451400275,1.183300683622121,0.9753969382923291
2019-02-07,0.9725824338806405,1.0336595695241473,1.1370557741637342,1.1121982597465454,0.97724874127388
2019-02-08,0.9849437117574519,1.0363990048921552,1.1522842580617427,1.1735159726451616,0.9791005442554308
2019-02-11,0.9721160873229617,1.0332680053602914,1.1167512257861132,1.185257675585253,0.9703705086375635
2019-02-12,0.9765472419106067,1.050175970499475,1.111675064486777,1.2191781230967726,0.984127081186467
2019-02-13,0.9725824338806405,1.0524459451600765,1.1167512257861132,1.208741081465436,0.9677250758067766
2019-02-14,0.9788796848199275,1.0513501583980485,1.1167512257861132,1.2824527035391706,1.0576719375789418
2019-02-15,0.9889087226791118,1.0675536486425627,1.0812181935104836,1.39856494721198,1.0825397571222326
2019-02-19,0.9935734056060598,1.0621524852277247,1.060913645132863,1.3587736482304147,1.0703704442718012
2019-02-20,0.9842440397521638,1.0673188867517973,1.0152283870782848,1.2994129272949304,1.0722223545296226
2019-02-21,0.9828445942957406,1.060039123617841,0.9644669677243705,1.2615786202764971,1.069576814422565
2019-02-22,1.0019696725612115,1.0692758245333367,0.9746192903230428,1.296803604677421,1.08306884368839
2019-02-25,1.004768462028211,1.0732156866356402,1.0253807096769572,1.4122635176958531,1.0978838039221492
2019-02-26,1.0033693209093282,1.0725064811816458,1.0355329354559057,1.5459883157788,1.1105820960624675
2019-02-27,1.00127010200177,1.0706153927859097,1.0812181935104836,1.441617775046082,1.1214285852212347
2019-02-28,1.011065712967498,1.0766827451019474,0.3604060725718049,1.4742335612488469,1.1252173685431217
2019-03-01,1.0112992413068012,1.090157270283093,0.35532993547739966,1.4527071473317958,1.1300883548819178
2019-03-04,1.004535339472295,1.091181341765755,0.3197969516116321,1.3776908639493066,1.1281940704972448
2019-03-05,1.0003371045488723,1.0934666434385691,0.3045685161234854,1.393998757050689,1.1449721864813447
2019-03-06,0.9763141193546908,1.095988094632884,0.2893400806353388,1.3470319452903232,1.137394834390112
2019-03-07,0.9653521854884557,1.0892903795182676,0.2791878064465283,1.3431180857834095,1.1273820964057515
2019-03-08,0.9536905796169324,1.0878718424620304,0.2639593709583817,1.3652968303548378,1.1303590129124155
2019-03-11,0.9679177509536924,1.0918118307125824,0.25888323386397644,1.332681044152073,1.141724826496724
2019-03-12,0.9732821058859286,1.0966973000868783,0.2639593709583817,1.2563600994608288,1.1325238480513158
2019-03-13,0.9798125808269784,1.098509545827199,0.2690355322577178,1.3026744561474668,1.1487607552506907
2019-03-14,0.9606875025615076,1.0875569764333626,0.2690355322577178,1.3581213175760374,1.1438897689118945
2019-03-15,0.9744483273405891,1.0842472248331405,0.25888323386397644,1.4233528899815673,1.1503843816048658
2019-03-18,0.9751478979000304,1.080859009022249,0.2639593709583817,1.4468362958617502,1.1522787732658093
2019-03-19,0.9865761783239442,1.0908663495888387,0.2791878064465283,1.3274625233364044,1.1601264615587286
2019-03-20,0.983544164855182,1.0818044901459927,0.3248730887060373,1.304631448110599,1.1641857956348427
2019-03-21,0.987742704116145,1.088187086935444,0.3197969516116321,1.2615786202764971,1.1622915112501697
2019-03-22,0.9760807939070812,1.0788102353156817,0.27411166935212306,1.2393998757050688,1.1525494312963072
2019-03-25,0.977013791359979,1.0764464694321978,0.2639593709583817,1.2654924797834108,1.1514669064505865
2019-03-26,0.9893749677909437,1.0918905472197493,0.2690355322577178,1.2981082659861758,1.162020853219672
2019-03-27,0.980045906274588,1.0929149971471575,0.2690355322577178,1.2570124301152061,1.1541730576504823
2019-03-28,0.986343157213875,1.094333408055146,0.27411166935212306,1.2824527035391706,1.1631033780653925
2019-03-29,0.9905413921372976,1.1015036745092612,0.2791878064465283,1.3274625233364044,1.0940965224680494
2019-04-01,0.9991709845400587,1.0951212038680584,0.28426394354093354,1.3431180857834095,1.1168282569129364
2019-04-02,1.0008037554440914,1.085114115597966,0.30964465321789064,1.28506202615668,1.1254878120210785
2019-04-03,0.9991709845400587,1.080859009022249,0.2994923790290802,1.3913894344331796,1.1119570560215994
2019-04-04,0.9968385416307379,1.0682515007541773,0.29441624193467497,1.505544686142857,1.0968026736679453
2019-04-05,1.0026694460123464,1.0730581274730575,0.2994923790290802,1.6934115599262691,1.1014032165287844
2019-04-08,1.0061680089304808,1.072742882999644,0.2893400806353388,1.7762556867419361,1.105733101359126
2019-04-09,0.9991709845400587,1.0682515007541773,0.2791878064465283,1.749510752009217,1.1011324512220162
2019-04-10,0.996605419074822,1.068330343409593,0.2893400806353388,1.7482060907004622,1.097073331698443
2019-04-11,0.9858767092103495,1.0654148050864487,0.2893400806353388,1.6784083281336413,1.0781301660229017
2019-04-12,0.9728154549907095,1.0714822835507352,0.27411166935212306,1.605349036714284,1.0694706109147598
2019-04-15,0.981678474286927,1.0757372639782037,0.2791878064465283,1.6855838409124417,1.0773184064839494
2019-04-16,0.9543902516222206,1.0875569764333626,0.2791878064465283,1.5512068365944682,1.063517099730243
2019-04-17,0.9301339409804295,1.0914965862391688,0.2690355322577178,1.5329419515299536,1.0491743696392706
2019-04-18,0.918472436554753,1.0836169881828106,0.2639593709583817,1.468362709778801,1.0499862364544934
2019-04-22,0.9091430707008569,1.0860597228699584,0.2690355322577178,1.5414220011981583,1.0486331608545456
2019-04-23,0.9194052311159571,1.1023705652740867,0.2639593709583817,1.6112198881843298,1.0470094272241
2019-04-24,0.9182391111071434,1.0968549853977094,0.25888323386397644,1.6803653200967734,1.0478214013155933
2019-04-25,0.9238366900411423,1.1004006342229349,0.2538070967695712,1.6790606587880186,1.0570221652084604
2019-04-26,0.9322329569962939,1.1062317108692232,0.24873095967516595,1.7129811062995384,1.0280664761010998
2019-04-29,0.9233701405917701,1.1018977616380905,0.2690355322577178,1.6399216904608307,1.0332081204703936
2019-04-30,0.947159901784189,1.1126140553621773,0.2690355322577178,1.6979778745069105,1.0191361556861895
2019-05-01,0.9508916887040861,1.1185238485156326,0.25888323386397644,1.7221134866221204,1.0107470440560042
2019-05-02,0.9564892676380851,1.1132445443090047,0.2690355322577178,1.8486627719262667,1.0180537381167394
2019-05-03,0.9653521854884557,1.11899652600338,0.23857866128142455,1.7742988191981546,1.039432289685408
2019-05-06,0.9714163138718268,1.119627141098456,0.2335025241870193,1.7677756370737314,1.0378084487786918
2019-05-07,0.9522910327146624,1.10292208541725,0.20304567741565696,1.60143505278802,1.027795818070602
2019-05-08,0.9550899236275087,1.1015036745092612,0.20304567741565696,1.535551274147463,1.0364554804550143
2019-05-09,0.9562664925585413,1.0931512728169068,0.18274110483310507,1.5172863890829484,1.0410560233158537
2019-05-10,0.9581488202456694,1.0956727240112216,0.16675126693449585,1.6255707893225801,1.0188656049319622
2019-05-13,0.954619316344265,1.081095410840247,0.14619289354845644,1.5936073337741925,1.0088526523950607
2019-05-14,0.9567369983959383,1.0781012821581846,0.18096446290129597,1.5388128029999995,1.023466040516531
2019-05-15,0.9682668261124856,1.0788102353156817,0.16979694919113897,1.5081540087603664,1.0196773644709145
2019-05-16,0.9797966538290329,1.0890539777002695,0.1631979588659467,1.5303326289124441,1.0229247244555353
2019-05-17,0.9757966440902316,1.0922057916931631,0.1497461895145401,1.505544686142857,1.0223834083945398
2019-05-20,0.9786200848980002,1.0907086642780075,0.15329948548062375,1.4742335612488469,1.0158887957015685
2019-05-21,0.9805024125851283,1.0883446460980266,0.158629435480982,1.4807567433732698,1.0250897741469767
2019-05-22,0.9880320276711807,1.093387674634905,0.15355329838657675,1.4350945929216588,1.0448445920851996
2019-05-23,0.9863850543485979,1.1015036745092612,0.15532994031838585,1.394650963285716,1.0461977749614182
2019-05-24,0.9870909145505401,1.1015830217576714,0.15532994031838585,1.4240052206359446,1.0559398549152808
2019-05-28,0.9859144470653542,1.0874612299126258,0.1497461895145401,1.4050881293364033,1.0286076848858248
2019-05-29,0.9816790829620077,1.0419223428858253,0.1469543080613845,1.4155251709677399,1.015618137671071
2019-05-30,0.9859144470653542,1.0481106082982083,0.14543146693306291,1.4018264760645165,1.0150769288863457
2019-05-31,0.9769730101295707,1.0404943447109383,0.14416242660822887,1.3555121193778783,1.011558910871227
2019-06-03,0.9863850543485979,1.0427950995442137,0.15177664435230218,1.2948467371336394,1.025630875655431
2019-06-04,0.9936793150701052,1.0609629072428144,0.16015227660930356,1.2700586699447018,1.0443033833004747
2019-06-05,0.9995619568335748,1.0661198476482372,0.15532994031838585,1.15459888134562,1.0380793213617308
2019-06-06,1.0049739913138007,1.0843670656693722,0.15025380322398063,1.1702544437926252,1.0507982105459868
2019-06-07,1.0099151141732428,1.0992031088983587,0.15532994031838585,1.1428571784055288,1.0559398549152808
2019-06-10,1.0134448209663407,1.1029320511288945,0.136294408060668,1.0221787445714283,1.0713648952994328
2019-06-11,1.0040325738556197,1.1089614328220838,0.12944161693198822,1.0437051584884791,1.0659524856233706
2019-06-12,1.0136800738850391,1.1240352654998038,0.12512689435051103,1.063274580442398,1.0805657664685704
2019-06-13,1.0000325641168186,1.1163398438864964,0.13197968547919084,1.0541422001198157,1.0800244504075747
2019-06-14,1.0061503573531398,1.1114209452263042,0.12639593467534507,1.004566190161291,1.0735297304383329
2019-06-17,1.008974001052602,1.1062641309691301,0.12944161693198822,1.0287019266958513,1.0819187347922476
2019-06-18,1.0134448209663407,1.1125315544075505,0.12944161693198822,1.0267449347327193,1.1081684872522535
2019-06-19,1.02356272538731,1.1142769415760785,0.13045684435086927,1.0110893722857142,1.127923412466747
2019-06-20,1.0259157618035286,1.1282401650725522,0.13578679435122748,0.9902152890230406,1.1260290208058035
2019-06-21,1.027562938017805,1.1272879980916293,0.1428933983858603,0.9589041019193552,1.1192637500823346
2019-06-24,1.0296806200694781,1.1349836720014341,0.13730963547954905,0.9158512740852534,1.1227817680974532
2019-06-25,1.0296806200694781,1.1443453858313566,0.1426395854799073,0.8982387818847914,1.1203461676517847
2019-06-26,1.011562290387519,1.1253839164262807,0.1406091306421452,0.8936725295138251,1.1087096960369787
2019-06-27,1.0219155491730338,1.116181023241427,0.1563451677372669,0.9354207582488474,1.1092510120979742
2019-06-28,1.0193274627298103,1.1049947011428147,0.14873096209565906,0.9549902424124415,1.1170988076671637
2019-07-01,1.0299159744340234,1.105629479130097,0.14416242660822887,0.9608610316728119,1.1179106744823866
2019-07-02,1.0405043846923898,1.110944735587594,0.14390862580474134,0.9393346177557611,1.1287351720056993
2019-07-03,1.0447397487957364,1.1276848604819292,0.1289340032225477,0.9986954009009206,1.1363125240969323
2019-07-05,1.0334454783354279,1.1152291085570016,0.13020304354738174,0.9758643256751149,1.1078978292217556
2019-07-08,1.018856652554873,1.118402493900417,0.12614212176939207,0.9321591671866358,1.1049211272676327
2019-07-09,1.0205037273233026,1.1218933943857217,0.12994923064142874,0.9686888751059898,1.1024856340982345
2019-07-10,1.0367395264264403,1.1203065755657655,0.13020304354738174,0.9445531385714294,1.1130396881435907
2019-07-11,1.0113270374688206,1.111579513574876,0.12741116209422612,0.9419438781635953,1.0946377312527744
2019-07-12,0.9976794262547533,1.0654851958092038,0.12436547983758298,0.9262883157165901,1.0881430112835326
2019-07-15,1.0059151044344414,1.0687379284010292,0.1197969443501528,0.9341160969400927,1.0884136693140305
2019-07-16,1.0082679379589663,1.0512046463932134,0.1180203024183437,0.9223744562096765,1.0878724605293053
2019-07-17,1.005679851515743,1.0461271793844495,0.11522842096518808,0.915198943430876,1.0916611365749218
2019-07-18,1.0132094666017954,1.0477932193045674,0.1177664895123907,0.930202237433179,1.1022149760677369
2019-07-19,1.0063855088259916,1.033830058882218,0.11700507499946265,0.9204174642465444,1.0857074108378642
2019-07-22,1.007562179202871,1.0205808975473123,0.11675126209350965,0.9165036047396308,1.0913903712681536
2019-07-23,1.0139154282495844,1.0221675271448956,0.11497462016170056,0.8871494095990773,1.0981558565441636
2019-07-24,1.0092093554171473,1.0296250962353453,0.11751268870890318,0.9439008701267273,1.0919315800528786
2019-07-25,1.0040325738556197,1.0402561768174587,0.1111675112896639,0.8812785581290316,1.1544437156809801
2019-07-26,1.0139154282495844,1.0371621387224539,0.10786801612706776,0.9210697949009218,1.1774460008800944
2019-07-29,0.9753259353611411,1.0553301987175516,0.10558374838335266,0.8930201988594478,1.2012601528944318
2019-07-30,0.9127356739189626,1.0478725034788534,0.11040608467427038,0.8741030453502311,1.1869174228034594
2019-07-31,0.9139121414041484,1.0331160597947744,0.10939085725538933,0.8545336233963123,1.1747398496801986
2019-08-01,0.9084494854463759,1.0336713643853976,0.11522842096518808,0.8486627719262666,1.1907060988490759
2019-08-02,0.9025120629256415,1.0398595667236563,0.11015228387078285,0.8303978868617521,1.1982832363877676
2019-08-05,0.877811622366618,1.0326400393784374,0.11040608467427038,0.7997390926221192,1.1787990764800425
2019-08-06,0.8775740361934434,1.0374795277160949,0.1208121838714993,0.801696022375576,1.1804227028342176
2019-08-07,0.8687865940530821,1.0330367756204886,0.11725887580295018,0.8382257302949299,1.188541156433905
2019-08-08,0.8756741583748213,1.044698928913065,0.1109136983837109,0.8604044126566829,1.2068600814913462
2019-08-09,0.8633238366494628,1.0475551775593366,0.10532994757986514,0.8695368551889401,1.2240853249709336
2019-08-12,0.8405236796924487,1.0466823578268238,0.102030452417269,0.8493151025806439,1.2128752765314064
2019-08-13,0.8360111148127574,1.058503394838594,0.1091370564519018,0.8675799254354832,1.2265461353401719
2019-08-14,0.8132107042411262,1.0334331964919181,0.15329948548062375,0.8310502175161294,1.1978373962075264
2019-08-15,0.8189108449262266,1.0356546671509077,0.16802029515686442,0.8264840273548384,1.2079537630691999
2019-08-16,0.8229483896283389,1.0421602584828074,0.19898476774013277,0.858447482903226,1.2123283821043442
2019-08-19,0.8355359931893316,1.0492212174794546,0.18502537257682017,0.8741030453502311,1.2145157452600517
2019-08-20,0.8219982985502577,1.0361308767896178,0.16928933548169847,0.9230267246543786,1.2199840458730498
2019-08-21,0.8281734086900135,1.043509035557533,0.17335024515722264,0.9321591671866358,1.2418573556013124
2019-08-22,0.8331609937472838,1.041446259395364,0.16827410806281742,0.9236790553087559,1.2415839083877813
2019-08-23,0.8155858558519442,1.013361307127969,0.158375622575029,0.9054142324539166,1.2188904715714666
2019-08-26,0.8274609037851068,1.0215143315133084,0.16015227660930356,0.9765166563294922,1.2257259009758492
2019-08-27,0.8155858558519442,1.0362214512321593,0.15989847580581604,0.9465101305345616,1.2270929224909637
2019-08-28,0.8331609937472838,1.0285480424882438,0.15786800886558847,0.9667318831428576,1.2249055593352562
2019-08-29,0.8390986698826353,1.0250312816119627,0.15736039515614794,0.9902152890230406,1.2418573556013124
2019-08-30,0.8443237396672333,1.0259903867465623,0.15152283144634918,1.0260926040783418,1.2311942015888473
2019-09-03,0.8578614850292307,1.0290277212037924,0.14543146693306291,0.9706458048594465,1.237756183779699
2019-09-04,0.850973869984568,1.0299868894125161,0.1406091306421452,1.0058708514700456,1.2396700997218755
2019-09-05,0.8630864533679818,1.0277488302588271,0.1345177661288589,1.013046302039171,1.2238118777574025
2019-09-06,0.8668864118969196,1.0247914737912507,0.13959390322326415,1.0358773772649765,1.223265090606611
2019-09-09,0.8747240165738167,1.014720049914339,0.13807106209494258,1.045662150451611,1.1975639489939953
2019-09-10,0.8877867924811584,1.0355020908441475,0.136548220966621,1.1148075823640549,1.1830729630971775
2019-09-11,0.8884992466631417,1.0484508301248578,0.14568526773655044,1.0384866376728108,1.1784247895722315
2019-09-12,0.8854117423161872,1.0425358648932073,0.1449238532236224,1.069797762566821,1.1729564889592334
2019-09-13,0.8766241987299792,1.0453336438262226,0.16040608951525656,1.090019515175117,1.1694021042884117
2019-09-16,0.8747240165738167,1.0354221128544938,0.19213197661145295,1.1121982597465454,1.162293227670498
2019-09-17,0.8668864118969196,1.0364612590528715,0.17131979031946054,1.1519895587281108,1.1792451312128247
2019-09-18,0.8640363922772929,1.0423762242845218,0.17106597741350754,1.1598174021612886,1.1912754140166746
2019-09-19,0.867124099515941,1.0399782722256499,0.17131979031946054,1.167645121175116,1.2197107059357892
2019-09-20,0.8713989260536876,1.0522875660338775,0.16624365322505533,1.17873449346083,1.2352954806867311
2019-09-23,0.8607115046488574,1.0530069264218895,0.16091370322469709,1.1630789310138248,1.2186170243579355
2019-09-24,0.8552488486910849,1.0514882907303365,0.16091370322469709,1.1624266003594474,1.2350219261969295
2019-09-25,0.8526363137987858,1.0470121724229584,0.15964466289986304,1.1206784338341005,1.2396700997218755
2019-09-26,0.8497862434562357,1.0299071006452356,0.15101521773690868,1.0658839030599072,1.2432245916689677
2019-09-27,0.860236433748355,1.0279087862381344,0.14314719918934782,1.037181976364056,1.2380295237169596
2019-09-30,0.8533487679807691,1.0341433480577773,0.12741116209422612,1.0384866376728108,1.2186170243579355
2019-10-01,0.8414735678788363,1.0390191670910505,0.1271573612907386,0.9660796146981555,1.1937361171096426
2019-10-02,0.8241359654337479,1.05508515574452,0.12969542983794122,0.9693411435506919,1.1609262061553838
2019-10-03,0.8419486895022621,1.048610786104165,0.12817258870961964,0.9830397762442402,1.180338705514408
2019-10-04,0.8533487679807691,1.068353680835596,0.1269035483847856,1.0117417029400915,1.1841665373987607
2019-10-07,0.850973869984568,1.0643570520213932,0.1271573612907386,1.0091324425322572,1.1877209220695824
2019-10-08,0.8414735678788363,1.0538062647995547,0.12030455805959331,0.9986954009009206,1.1767843208435862
2019-10-09,0.8476486780185922,1.0328644571128123,0.11421319354630703,0.9262883157165901,1.1866272404917286
2019-10-10,0.8500237789064868,1.0315855030937227,0.11370557983686651,0.9236790553087559,1.1920956483809972
2019-10-11,0.8576237974102092,1.0497298472180716,0.1157360346746286,0.9168297700668194,1.1915488612302056
2019-10-14,0.8621365144586708,1.0448540281847987,0.11903552983722475,0.9086758235161282,1.198657630571849
2019-10-15,0.8668864118969196,1.0617993962797116,0.1225888258033084,0.9347684275944701,1.2087739974335225
2019-10-16,0.8630864533679818,1.0804231668231115,0.12030455805959331,0.9230267246543786,1.1972906090567348
2019-10-17,0.8659365744334554,1.0884161721550196,0.11751268870890318,0.9484670602880183,1.2065867415540856
2019-10-18,0.8659365744334554,1.0207149300615188,0.11395938064035403,0.9660796146981555,1.1994777576599012
2019-10-21,0.8659365744334554,1.0232727750255735,0.11192892580259194,1.0110893722857142,1.1953766931145584
2019-10-22,0.8652240188056253,1.032704501133505,0.11015228387078285,1.0384866376728108,1.200844886451286
2019-10-23,0.8732990067640033,1.0382997436289143,0.1091370564519018,1.1024135487695859,1.2218979618152261
2019-10-24,0.8642738770046207,1.0191163163803123,0.10837562983650828,1.0821917961612897,1.2918926173114291
2019-10-25,0.8732990067640033,1.0259105349051574,0.11345176693091351,1.1095890615483863,1.3033761129644874
2019-10-28,0.8854117423161872,1.032544734376571,0.1177664895123907,1.1108937228571412,1.3055634761201949
2019-10-29,0.9074995465370649,1.0320650556610225,0.11421319354630703,1.1082844002396317,1.30118874980878
2019-10-30,0.9139121414041484,1.0617993962797116,0.11218273870854494,1.118069111216591,1.3402873030166302
2019-10-31,0.9112995050660027,1.0554048154066369,0.10583756128930566,1.0926288377926265,1.3405606429538908
2019-11-01,0.911774575966505,1.0486906379455698,0.10939085725538933,1.0215264139170508,1.3230620595370428
2019-11-04,0.9032245171076247,1.0409373142861251,0.11725887580295018,1.095890366645163,1.3154063957683373
2019-11-05,0.8901618426461297,1.0424562022741755,0.11319796612742598,1.1017612181152086,1.2905255957963149
2019-11-06,0.8932493469930842,1.0467723646022464,0.11218273870854494,1.0521852081566838,1.2943534276806676
2019-11-07,0.8850961442868337,1.0505290594474883,0.11421319354630703,1.141552517096774,1.2795888872940484
2019-11-08,0.8884533931403942,1.063078161076428,0.11649746129002213,1.1409001864423967,1.2921659572486899
2019-11-11,0.8855757802504414,1.0549252628393373,0.11040608467427038,1.1350293349723508,1.2817762504497558
2019-11-12,0.8865350521776568,1.0498896139750058,0.10507613467391214,1.1735159726451616,1.287244551062754
2019-11-13,0.8776623955259947,1.0492502946507718,0.10634517499874618,1.1904761964009214,1.3074773920623712
2019-11-14,0.8764635085086689,1.0467723646022464,0.10710658951167423,1.1963470478709672,1.2951736620449903
2019-11-15,0.8939688009384958,1.0785848083953173,0.10431472016098409,1.2635356122396293,1.2970874707108961
2019-11-18,0.8925298930476726,1.0777055551021226,0.09720811612635129,1.2687541330552976,1.3107582222433913
2019-11-19,0.903081174126115,1.0776254509642205,0.09517766128858919,1.2628832815852518,1.3033761129644874
2019-11-20,0.8884533931403942,1.086577939875474,0.09365482016026762,1.3163731510506904,1.285330527844307
2019-11-21,0.9049995150888523,1.090574442541428,0.09670050241691076,1.317677812359445,1.301735644235842
2019-11-22,0.9191474572192719,1.1036030336635432,0.09543146814330945,1.3496412679078327,1.311578671160255
2019-11-25,0.9275405793531731,1.1040859291594325,0.09593908185274998,1.304631448110599,1.333451980888518
2019-11-26,0.9181884896295969,1.104005572725033,0.09517766128858919,1.3261578620276497,1.3331785336749868
2019-11-27,0.9263414894441538,1.108673688666879,0.09999999757950691,1.3287671846451592,1.333451980888518
2019-11-29,0.923703694536005,1.1065810153697764,0.12309643951274893,1.3281148539907817,1.3255228699062813
2019-12-02,0.9181884896295969,1.1055348679435981,0.13248729918863136,1.2889758856635938,1.3227887195997823
2019-12-03,0.9124332638496914,1.1039249639941362,0.12106598467498683,1.3881279055806433,1.309391200728277
2019-12-04,0.9145914227942326,1.1217926019350384,0.12385786612814245,1.387475574926266,1.3178672061375758
2019-12-05,0.9119536278860836,1.123241162274458,0.11548223387114108,1.346379614635946,1.3020089841731026
2019-12-06,0.9181884896295969,1.129841112496359,0.11040608467427038,1.2354860161981551,1.3036495601780185
2019-12-09,0.9189078421291617,1.1308069034881378,0.10558374838335266,1.2250489745668185,1.3061102632709864
2019-12-10,0.9227445240546363,1.126702291773078,0.10583756128930566,1.2309198260368641,1.3118520110975156
2019-12-11,0.9165097637569698,1.1346701936035017,0.10380710645154356,1.2165688004792634,1.3175937589240447
2019-12-12,0.9241833304996127,1.1375674404305893,0.10126903185310822,1.2035225606497677,1.3102114350925997
2019-12-13,0.9191474572192719,1.137889496909431,0.102284265323222,1.2146119329354816,1.3222418251727202
2019-12-16,0.9385711920576829,1.1411892827980086,0.10152283870782848,1.2080887508110587,1.3482164139988668
2019-12-17,0.9328160677236241,1.155434952223243,0.10126903185310822,1.2028702299953902,1.338920281501516
2019-12-18,0.9325763511876671,1.152457222813507,0.10050761128894743,1.2159164698248859,1.346302605332961
2019-12-19,0.9344946921504044,1.16984196525852,0.10177665161378148,1.2661448104377881,1.3662618918427767
2019-12-20,0.9407294524480709,1.175556102478296,0.10177665161378148,1.2935420758248848,1.3796591961617408
2019-12-23,0.942887611392612,1.1786145667671775,0.10152283870782848,1.28506202615668,1.3640745286870692
2019-12-24,0.9421681574472005,1.174509828903869,0.10152283870782848,1.2883235550092165,1.3635277415362776
2019-12-26,0.9443264178375884,1.1737051292256353,0.10152283870782848,1.2954990677880167,1.3629808471092155
2019-12-27,0.942887611392612,1.1730611424162007,0.10126903185310822,1.2733203232165886,1.3791124090109492
2019-12-30,0.9330558857054281,1.1694394261970302,0.10152283870782848,1.2426614045576052,1.3673554661443599
2019-12-31,0.9395304639848984,1.174027059556228,0.10101522499838796,1.2759295214147475,1.3632542943227466
2020-01-02,0.9385711920576829,1.1748318853827104,0.11395938064035403,1.2544031074976967,1.377745387495835
2020-01-03,0.933535420223189,1.161229950470413,0.11269035241798546,1.2322243629262686,1.3695429365763379
2020-01-06,0.9323365332058633,1.1597813901309937,0.11624364838406913,1.1826483529677436,1.3638011887498087
2020-01-07,0.9292191023341067,1.166863857404038,0.1159898475805816,1.1598174021612886,1.3689960421492757
2020-01-08,0.9366528510949456,1.1667030183869902,0.10862944274246128,1.1728636419907843,1.365715104691985
2020-01-09,0.9325763511876671,1.1701637694408642,0.10177665161378148,1.200260907377881,1.3692694893628068
2020-01-10,0.9469642127457374,1.167507718065224,0.09974619072478665,1.248532256027651,1.3629808471092155
2020-01-13,0.9450457703371532,1.1726587295029596,0.10025380443422717,1.3215916718663587,1.3580593336470093
2020-01-14,0.9608724383401999,1.179258553576612,0.10126903185310822,1.304631448110599,1.3720036396693058
2020-01-15,0.9752604013441168,1.1832022001263753,0.1111675112896639,1.320287010557604,1.3889553286590917
2020-01-16,0.9738214934532937,1.1927797536097637,0.12131979758093983,1.3705153511705062,1.3810263249531256
2020-01-17,0.9714237194186423,1.2005869425713882,0.14568526773655044,1.3450750777465417,1.4034466363847211
2020-01-21,0.9673470166196702,1.2013917683978705,0.249238561282141,1.3659491610092152,1.3889553286590917
2020-01-22,0.9637501526759994,1.1931824188195022,0.17994923548241493,1.4331376009585266,1.3793858562244803
2020-01-23,0.9762195718254856,1.195435804985404,0.19441623225270258,1.4005218147557617,1.372550534096368
2020-01-24,0.9548774960243372,1.1937457968980398,0.19796954032125172,1.3776908639493066,1.3473961796345442
2020-01-27,0.963030597284741,1.197206421803665,0.2157360322541355,1.4833659415714289,1.3370063655593396
2020-01-28,0.9145914227942326,1.2032429939470286,0.18197969032017702,1.4585779988018417,1.3561454177048329
2020-01-29,0.9011626302716842,1.2116133086906935,0.17360405806317564,1.3405087631659,1.3577859937097485
2020-01-30,0.8980134468498833,1.2101644960547766,0.17766496773869983,1.3692106898617515,1.3422013262350772
2020-01-31,0.9021317424460379,1.1981723389436927,0.19340100483382153,1.3378995649677412,1.331537957670071
2020-02-03,0.9086722605259197,1.20863532698446,0.1728426314477821,1.3294193908801861,1.3263429969943334
2020-02-04,0.913032808804201,1.2201448408961522,0.17791878064465283,1.3613829708479241,1.3331785336749868
2020-02-05,0.9246607346545911,1.239380430445577,0.1769035411233063,1.3078929769631351,1.3596999096519249
2020-02-06,0.9268410087937318,1.235677979347261,0.17360405806317564,1.296803604677421,1.367902360571422
2020-02-07,0.921753803914917,1.2224787096447023,0.16015227660930356,1.5159817277741938,1.3506772243681051
2020-02-10,0.9159396380980284,1.222237135748509,0.17817258144814035,1.5427266625069131,1.3646214231141314
2020-02-11,0.9227227131975771,1.2232836616194331,0.18299491773905807,1.3926940957419343,1.3610669311670391
2020-02-12,0.9142440722148347,1.2160398507363464,0.1855329862862607,1.2400522063594464,1.3555987378303116
2020-02-13,0.8946221121918024,1.2079914663232743,0.19771572741529872,1.2423353014400917,1.348763308425929
2020-02-14,0.884447600988326,1.2083133966538673,0.1949238459621431,1.2393998757050688,1.308297626426694
2020-02-18,0.8798448000279179,1.2003453686751948,0.20279186450970396,1.2335290242350232,1.3427481133858687
2020-02-19,0.877664627334624,1.1987357170222301,0.2017766370908229,1.2341813548894005,1.3482164139988668
2020-02-20,0.8684591268596545,1.194148209811281,0.2015228362873354,1.2093934121198133,1.3380999398609228
2020-02-21,0.8653099434378536,1.2067036188526539,0.19593907338102415,1.1891715350921668,1.3717300851795042
2020-02-24,0.8398739190437796,1.181837528372318,0.20710658709118113,1.2126549409723497,1.30118874980878
2020-02-25,0.821947524903941,1.1716316304623295,0.2017766370908229,1.5499021752857134,1.287244551062754
2020-02-26,0.8410851824544133,1.1637748652389797,0.2340101499989253,1.9021526413917051,1.3006419626579884
2020-02-27,0.8260657697771722,1.1268399195123715,0.2994923790290802,1.7064579241751152,1.2573987907389683
2020-02-28,0.8095929931759408,1.0892568240841227,0.4060913548313139,1.6914546923824876,1.2219673695622464
2020-03-02,0.8449611746455178,1.134129774506221,0.3050761419353914,1.9491193287327204,1.2797178333712018
2020-03-03,0.8309106712509369,1.0982477882112192,0.27360404354021706,1.8206131758847928,1.2699533326768027
2020-03-04,0.8817828214849318,1.1621548694296244,0.2873096257975767,1.7932159104976961,1.355881518079377
2020-03-05,0.8590114751484051,1.1502482408311354,0.3266497306378464,1.8271363580092157,1.3497439208146647
2020-03-06,0.848352560026522,1.1504102151824211,0.316751245150058,1.9315068987419337,1.3257509392573865
2020-03-09,0.8178293307536331,1.1051325811786057,0.2543147225814772,1.5844749534516105,1.2618626636311774
2020-03-10,0.8379358975867656,1.1472513368876023,0.2703045483776209,1.4572733374930869,1.3084537134002865
2020-03-11,0.7793119151393318,1.0675497380468542,0.2667512645140028,1.540117464308754,1.2437284683115553
2020-03-12,0.7272286029405499,1.015792120805618,0.2357867919307344,1.4546640148755776,1.1371549646492505
2020-03-13,0.7923933570824824,1.087717941598659,0.21345176451042042,1.3894324424700475,1.1795611671057484
2020-03-16,0.7311044936858077,1.0297236810916768,0.17538069999498473,1.7279843380921662,1.0542956315171674
2020-03-17,0.7790697131801284,1.106347388813249,0.24111674193109262,1.8382257302949299,1.1418978631210572
2020-03-18,0.7839146146538931,1.0931449654044736,0.2703045483776209,2.0600130515898614,1.0980967473191123
2020-03-19,0.736918507333926,1.0290757206124095,0.293908616122769,1.8440965817649755,1.1195788204888237
2020-03-20,0.7027615892749828,0.9710813339571784,0.2626903548384786,1.8395303916036845,1.0997705789678864
2020-03-23,0.6901646526960857,0.9002084095216194,0.273096441933242,1.7332028589078345,1.0819154092278618
2020-03-24,0.7194766185583409,0.9653306137452898,0.32411167419310927,1.6842791796036871,1.1407818680789372
2020-03-25,0.7206878312460512,0.9671124577576821,0.29822333870424617,1.7697325046175132,1.126553494492329
2020-03-26,0.7691375561046255,1.0251877685144315,0.32335023547525027,1.8225701678479247,1.1817931571899882
2020-03-27,0.7485464331843161,0.9975676094692426,0.3312182661252766,1.9602087010184346,1.1848620094604798
2020-03-30,0.791424295631052,1.0773503216338822,0.362944153221473,1.9882582970599085,1.2423334476898378
2020-03-31,0.7906975883075952,1.0621228403892884,0.3446700354766832,1.953685643313362,1.2459603511195245
2020-04-01,0.7691375561046255,1.0433312926751641,0.3560913499903277,1.9354207582488474,1.221409318403051
2020-04-02,0.7962692985506635,1.0784842682411313,0.3517766274088505,2.1656882536313344,1.2208513745201264
2020-04-03,0.814922400013959,1.0867460954909445,0.3961928693435255,2.2726679925622113,1.226431135178185
2020-04-06,0.8374514429454355,1.13202372949476,0.408629435480982,2.259621628313365,1.2361957431488546
2020-04-07,0.8141955912446553,1.1135562566314559,0.37817256450468867,2.088714978285713,1.2024381536209068
2020-04-08,0.8381782009918157,1.1603728992689835,0.4360405999957012,2.1148074579447043,1.2233622829076933
2020-04-09,0.8573159092652115,1.1439304842414977,0.4327410806281741,2.078277936654376,1.2459603511195245
2020-04-13,0.851259592212043,1.1321048428186513,0.44771570321036774,2.1461188316774154,1.3212870663651775
2020-04-14,0.8827518322134388,1.182809248331784,0.4568527741852281,2.2609262896221196,1.3581135081636169
2020-04-15,0.8713661590451754,1.1960120501853055,0.4449238580646086,2.42987607210599,1.3399792055677242
2020-04-16,0.8691858849060348,1.2122924908615056,0.4593908548348962,2.648401740129035,1.3706679428251807
2020-04-17,0.8941374039358554,1.2313270001025585,0.4842639386999473,3.0560990676635975,1.395776812148308
2020-04-20,0.8740309385485696,1.2284920705103113,0.6040608709476347,3.3718198880599104,1.4072153590440226
2020-04-21,0.8628874166165862,1.2123734780371485,0.5464466967724371,3.2133071472073764,1.396892807190428
2020-04-22,0.8781490312530307,1.2391837653259083,0.5423857870969129,3.339856556930873,1.4049834762360534
2020-04-23,0.8888079463749138,1.2595951827011393,0.5172588419160469,3.0945857053364083,1.4058204456985757
2020-04-24,0.9055231785499656,1.254330385543108,0.5032994709576651,3.294194406479262,1.4278604627512115
2020-04-27,0.9285366761227722,1.2497134857902197,0.5332487161220525,3.1343770043179737,1.4362301573764344
2020-04-28,0.9183623678109893,1.226224177295813,0.521573564497524,3.1232877564516097,1.422001783789826
2020-04-29,0.9234495726898042,1.2169093906143937,0.4672588612799916,3.024787942769587,1.4150271097863207
2020-04-30,0.9292634341691525,1.2152893948050385,0.4601522451428933,3.0000001244193504,1.4585490927323974
2020-05-01,0.9118215453935673,1.201114872992051,0.4398476967652724,3.1265492853041463,1.4468317348096265
2020-05-04,0.9113371414751605,1.2009528986407652,0.4583756032110842,3.294194406479262,1.4605020572370395
2020-05-05,0.9328972244010536,1.2109155827273277,0.45126903548384784,3.2185257924423953,1.4917487383774206
2020-05-06,0.9328972244010536,1.199413890007053,0.4350253483718892,3.193085519018431,1.5076510508890735
2020-05-07,0.9042716411381575,1.1954450138075565,0.4606598709547993,3.4696672466682053,1.4713826602498292
2020-05-08,0.910632904406767,1.2044357256381557,0.47538068063104,3.864970665027649,1.4867270288785575
2020-05-11,0.9321631622537047,1.2077567044325088,0.6218273870854494,4.363992293465434,1.5051401425015067
2020-05-12,0.9140581219776747,1.1918000863106317,1.0106598515908545,4.0671884399493115,1.5096040153937158
2020-05-13,0.9064736246885106,1.1917190991349889,1.0322334160883786,4.251793909299538,1.543082579342066
2020-05-14,0.9277591951529987,1.195849949685771,0.9720811612635128,4.2113501552442445,1.492585707839943
2020-05-15,0.9238446028171917,1.218529386423749,1.1073603903151616,4.350293722981561,1.4900747994523762
2020-05-18,0.9314293029980494,1.2191774099771406,1.4456851999627438,5.218525792442396,1.491190794494496
2020-05-19,0.9218874080951351,1.2070275675552256,1.3680202903158782,4.675146674861755,1.4945385650683145
2020-05-20,0.9206640726287337,1.1961738983883425,1.340355312895206,4.792563704262669,1.5003973513059705
2020-05-21,0.9116115524907187,1.1883173854614901,1.270812125779665,4.373777128861743,1.5422455026032733
2020-05-22,0.917483440994429,1.177469771410543,1.1703045386956485,4.500978495981566,1.5405716709544992
2020-05-26,0.9172387536119794,1.1790193764971433,1.222588738665557,3.764513983801845,1.4817052121034238
2020-05-27,0.915281457444076,1.1817108755306585,1.1540608999935518,3.4037834680276484,1.4638499350871288
2020-05-28,0.9341203569757613,1.1986751658628712,1.1380710257875462,3.622961591124421,1.492585707839943
2020-05-29,0.9343652472499046,1.2131928109122272,1.1685278967638395,4.011741702940092,1.5232743378211289
2020-06-01,0.8675722872670448,1.2004694985518811,1.340609077391297,4.056099192082948,1.5388977320294546
2020-06-02,0.8846986794591232,1.2091148164776355,1.2598984128729955,3.9054141702442413,1.5266223229474885
2020-06-03,0.8846986794591232,1.2123771363363596,1.1230964032053525,3.906718831552996,1.5344338591372455
2020-06-04,0.8810286730599192,1.196717723488337,1.133502490300116,3.952380982004607,1.5029082596935375
2020-06-05,0.8805393997408667,1.2013666648963863,1.1751268386791698,3.795825108695855,1.5023502085343423
2020-06-08,0.8952192224459892,1.1970440690076334,1.136802009667643,3.8551858296313393,1.4669188946338907
2020-06-09,0.8859220149255246,1.190437811373299,1.1657360032082185,3.7984344313133644,1.4711036346702318
2020-06-10,0.8788267909554129,1.2054446593309778,1.1411166838392584,3.9184605344930876,1.4964915295729568
2020-06-11,0.8147252907336523,1.1489240626648993,1.1276649386927826,3.9269407085806427,1.4387410657640012
2020-06-12,0.8257351070395708,1.159363713279664,1.156598932233358,4.044357489142857,1.4359511317968368
2020-06-15,0.8161932628595798,1.1520233989863484,1.2961928354566221,4.342465755129032,1.4685927262826648
2020-06-16,0.8171719109435316,1.178203954217773,1.3236040483812033,4.196999129686644,1.4948176979241827
2020-06-17,0.8210865032793384,1.1746152888397527,1.406345119327405,4.129810938576033,1.5037452291560598
2020-06-18,0.8132573186077248,1.1696402542089048,1.5043146741716154,4.236790428668209,1.4691506701655894
2020-06-19,0.8176612857084309,1.1730656837531526,1.6434009515829735,4.328114729571431,1.4791943037158568
2020-06-22,0.8100766362504965,1.1694770183751324,1.6738577257395428,4.223744313258064,1.4903537177557031
2020-06-23,0.8017581782598304,1.1651544224863795,1.7680203290437677,4.105675077622123,1.5135098371267295
2020-06-24,0.7875677303196071,1.1403603626560312,1.9670049999641768,4.2296149158894085,1.4543643526960566
2020-06-25,0.790748361953912,1.1391369769404787,2.1203045096497313,4.044357489142857,1.4789152781362593
2020-06-26,0.78389782536625,1.123967019297276,1.9642131064085555,3.9973906773824908,1.4702666652077094
2020-06-29,0.798577597348449,1.133998706475858,2.1220811515815403,4.049576134377875,1.4761254514453654
2020-06-30,0.8000455187514532,1.1469667464386142,2.1154821128464865,4.18851920443779,1.4755674002861703
2020-07-01,0.8254904196571211,1.1449278122954427,2.0228424837977035,4.017612554410137,1.4875638910648092
2020-07-02,0.8443294206346533,1.149739737240767,2.0720811225356233,3.8206131758847928,1.5009552951888954
2020-07-06,0.8443294206346533,1.166133080599522,2.0162436387020968,3.8584476073225766,1.5093249898141181
2020-07-07,0.8325856943501562,1.1650728045694931,2.6538069418580132,3.984996768207372,1.4917487383774206
2020-07-08,0.8257351070395708,1.1684983602619898,2.494923838700664,4.01696034817511,1.5118357909254145
2020-07-09,0.8186398830694591,1.1621367040818167,2.4441624193467497,4.237442883741937,1.505698193660702
2020-07-10,0.8276924032074742,1.1611579198204254,2.3949237806088295,4.084148788124422,1.4998393001467754
2020-07-13,0.861455711380885,1.184320882795536,2.647715625754589,4.682322187640555,1.4853321155331105
2020-07-14,0.861945187591631,1.2064233174441203,2.791116674157286,4.8949772530322555,1.505977111964029
2020-07-15,0.8739335505356544,1.209196308246273,2.8210659193216734,5.232876817999997,1.6181302690081214
2020-07-16,0.8709976062837992,1.2172706791985701,3.0530455902779057,5.336594779239636,1.6022279564964685
2020-07-17,0.8869005615636295,1.2180863537744375,3.5657360419361077,6.187214543129035,1.7046165055698912
2020-07-20,0.8930171374497894,1.2201254140658577,3.508375390207692,5.393346426396311,1.6371015410665364
2020-07-21,0.8976656904870983,1.221267181864524,3.5708121064157203,5.274624984525343,1.6200832335127637
2020-07-22,0.943417564496226,1.2234692256932194,3.717004854734591,5.428897513914749,1.5896735218349047
2020-07-23,0.9397476595428688,1.2202067796862466,3.5428931708595095,4.913894468751147,1.5391766503327817
2020-07-24,0.9213980333302358,1.2080545404476069,3.3992382611409973,4.775603356087559,1.5567529017694792
2020-07-27,0.9184620890783807,1.200387880634995,3.543147225814772,5.21265518981105,1.5785141077950586
2020-07-28,0.9546720681845942,1.1975333980642047,3.771573612907386,5.315720695976963,1.5712603009356851
2020-07-29,0.9605440581341512,1.195168118401737,3.6893399741336426,5.1865624613133585,1.5801879394438325
2020-07-30,0.9570852619879572,1.197615015981091,3.721319528906206,5.063926786677425,1.6150614167376298
2020-07-31,0.9506618124152674,1.1888065883698127,3.631979709684122,4.833659415714289,1.5561949578865544
2020-08-03,0.9474502397976926,1.2017746283325688,3.9560910934180598,5.086758235161282,1.5852097562189664
2020-08-04,0.9484383223453955,1.2007142261542911,3.9890860934538828,5.118069111216591,1.5645646525117773
2020-08-05,0.9499206490586434,1.2103382021931883,4.403299461275693,4.944553387410131,1.5609377490820906
2020-08-06,0.9454737703647466,1.2034057251878063,4.251268870890318,4.811480919981561,1.5681914486651936
2020-08-07,0.9499206490586434,1.2119694251966746,4.322080880486314,4.833659415714289,1.54587240603296
2020-08-10,0.9484383223453955,1.2073204837886256,4.530710345013213,4.697325668271883,1.5450354365704377
2020-08-11,0.9336150552129165,1.1986751658628712,3.7939083740734594,4.499021628437784,1.5394556759123794
2020-08-12,0.9469559956321476,1.220614743122429,3.1578678515335374,4.534898694654385,1.5829778734109972
2020-08-13,0.9430031582121021,1.2070758823344643,3.382740954762533,4.424657675709672,1.5691981291876633
2020-08-14,0.9402856268683789,1.2090333247089982,3.7185276353505854,4.510763331377876,1.5520437953228834
2020-08-17,0.9474502397976926,1.215150253286761,3.947461745074829,4.550554630359441,1.5877585331300232
2020-08-18,0.9476971589887716,1.2241216644353143,3.711421067623349,4.372472218714288,1.5841027723835692
2020-08-19,0.945226648281974,1.2265684358664195,3.732487103128691,4.435746923576036,1.5812905249521387
2020-08-20,0.9565912207141057,1.2349690261897641,3.632741099992119,4.423352765562217,1.5886022609975878
2020-08-21,0.9605440581341512,1.2458978797128513,3.492893141813592,4.334637787276504,1.566667160137511
2020-08-24,0.9595557726947547,1.2491820232185944,3.0269034902929515,4.232224238506918,1.596195060871774
2020-08-25,0.9489324650650938,1.2484431729261638,2.8708120870517755,4.321591671866359,1.603225518535945
2020-08-26,0.9400386062314532,1.2504136085703101,2.909137012883026,4.598825854589861,1.602944347430937
2020-08-27,0.935344504008937,1.2559965516114744,2.7246191450934574,4.437703791119818,1.5779159353106924
2020-08-28,0.936579911531106,1.261415249632877,2.734517606376315,4.402478682299543,1.566104710651225
2020-08-31,0.9336150552129165,1.2595269364986115,2.8005074128085137,4.2328766935806454,1.574822516774254
2020-09-01,0.9111332353231192,1.2440096927268345,2.6670050193281214,4.13046314481106,1.5573870118044661
2020-09-02,0.9190390116090569,1.2629751988758677,2.611675064486777,4.221787445714282,1.572010376619094
2020-09-03,0.8992747230629828,1.227835595024259,2.613705567734401,4.2296149158894085,1.5230783440749063
2020-09-04,0.8982865390694332,1.2199537262994247,2.358629358025203,4.083496333050694,1.5067677380776907
2020-09-08,0.8876632314397722,1.2090342077467386,2.1652282805765886,3.5446836544700453,1.538545329480828
2020-09-09,0.8938396603755363,1.229067054227726,2.3055835741078496,3.711676569410134,1.5084549792602786
2020-09-10,0.8807456391473841,1.2061606767904,2.356852716093394,3.754729397244236,1.492425544368071
2020-09-11,0.8911219261401194,1.2133034429263063,2.422588661209778,3.870841516497695,1.5109859483104309
2020-09-14,0.9143450108323875,1.217983416803527,2.685279161277842,4.153294095617515,1.519141304947174
2020-09-15,0.9131097047560653,1.2224167708546076,2.8005074128085137,4.362687383317978,1.5545747643730357
2020-09-16,0.9086628260621684,1.2183937770564341,3.0489845837826577,4.490541205511528,1.5503565541402955
2020-09-17,0.9096509086098713,1.2082952313060595,2.931725829004362,4.428571410797236,1.5731351683153956
2020-09-18,0.9049570092790488,1.2247976928999098,2.7502537160862293,4.557730143138242,1.5874773620250155
2020-09-21,0.8898867215096441,1.1913002869494211,2.795685209644716,4.517938844156676,1.5722915477241017
2020-09-22,0.8955688048340164,1.1839931496455045,2.833248551528522,4.482713735336402,1.559074252987054
2020-09-23,0.8893925787899458,1.18588146277977,2.5779186741429565,4.380952641640544,1.5652610900599309
2020-09-24,0.883463373382801,1.1877697759140355,2.5999999612721103,4.25114145422581,1.5233595151799142
2020-09-25,0.890627884866268,1.1958978860202636,2.882233328950627,4.531637414640549,1.5610427725509204
2020-09-28,0.8990276009802104,1.2078027485432716,2.82182730962967,4.602087632281098,1.5396702284534
2020-09-29,0.893592436846917,1.207392135993867,2.739847532171742,4.600130267059915,1.5497941046540094
2020-09-30,0.9066862551833755,1.2223347744929756,2.7499998547704143,4.615133747691243,1.5410762985309803
2020-10-01,0.898533559706359,1.209526942806024,2.662436483840691,4.568166935930877,1.5270153832026387
2020-10-02,0.8987805803432847,1.2006598562591166,2.629441483804868,4.488584337967747,1.5247656925337647
2020-10-05,0.9079215612596977,1.216998072833205,2.7961927386368983,4.693411435506919,1.5323585996842215
2020-10-06,0.893592436846917,1.2008239751306298,2.726142119348899,4.634050963410135,1.5104234988241447
2020-10-07,0.9010040704131564,1.2141245418768665,2.791878064465283,4.720809074152067,1.5053615607238402
2020-10-08,0.9113803574058917,1.2224167708546076,2.8177663031344222,4.757338595442395,1.5211098245110402
2020-10-09,0.9089098466990941,1.2394940900176241,2.8228425612534824,4.761904785603686,1.5388266078621062
2020-10-12,0.9096509086098713,1.2466368561535306,2.797461851576525,4.912589558603692,1.5542935932680277
2020-10-13,0.9116273780428175,1.2180654131651591,2.9766495999312195,5.106979863350228,1.5320773213029433
2020-10-14,0.9106391940492677,1.2159308586494997,2.836548167715773,4.994129024110604,1.495800134009517
2020-10-15,0.9029805398461026,1.2084594763258212,2.8279186257330946,4.93020236185253,1.4778021795534433
2020-10-16,0.9375679940788089,1.2159308586494997,2.7167511870582235,4.823222622921652,1.4913006453954987
2020-10-19,0.9338621772956891,1.1848962449576967,2.590101499989253,4.6288323181751165,1.4747087610170049
2020-10-20,0.9262035230925239,1.1867845580919623,2.496446619316658,4.651663268981571,1.467678303352834
2020-10-21,0.9160743581825611,1.1816942239618347,2.3137055870983456,4.459882784529947,1.4502427983830461
2020-10-22,0.924721196379276,1.1911360419296595,2.375380525719482,4.621004350322588,1.4612102951749493
2020-10-23,0.9432501788490278,1.1924496236430076,2.3637054225048155,4.600782722133642,1.4623351941475216
2020-10-26,0.9368268307221849,1.1820227140013582,2.217766341862312,4.581865506414751,1.492425544368071
2020-10-27,0.924721196379276,1.1752901819701103,2.2738576870116534,4.609915102456225,1.475833659989577
2020-10-28,0.8758047191796359,1.1359634654488147,2.06421316450039,4.288323430589866,1.4336509140045524
2020-10-29,0.8716046582309711,1.1263575286094767,2.2241115192815513,4.64970640143779,1.4361818830547046
2020-10-30,0.876545781090413,1.1257006746786784,2.0484770547904754,4.40117426982949,1.4105910214481738
2020-11-02,0.8950747635601649,1.1386727513853916,2.0913705161091563,4.377690863949306,1.423527037803943
2020-11-03,0.8940864781207685,1.1371128021424008,2.1228425418895376,4.506197141216584,1.4538986664057707
2020-11-04,0.9222506856724785,1.1445019358079498,2.2149744483066907,4.5538159103732765,1.5478255850901432
2020-11-05,0.9082733754563541,1.1474577154224181,2.363197893512633,4.662753014525337,1.5512001747315893
2020-11-06,0.9085229322394496,1.1679010483045613,2.2807105870625226,4.726027221709684,1.5613240509321986
2020-11-09,0.9784093818742242,1.1993461483975199,2.292131828961374,5.071102299456225,1.5199849255384679
2020-11-10,0.965430501682175,1.2174085592343609,1.998477025744558,4.960861280511513,1.5908519516664619
2020-11-11,0.9609377694655306,1.2134676879460682,2.15761418385717,5.377690988368657,1.6316286275739065
2020-11-12,0.9372263244668311,1.2175728042541225,2.3063451580552945,5.727984213672816,1.5984448588169187
2020-11-13,0.9639328566460623,1.2307091259805976,2.451776516066168,5.83105021751613,1.6136306731178325
2020-11-16,0.9317352636719582,1.238508872195551,2.3007613709440524,6.389432318050697,1.5829778734109972
2020-11-17,0.94811268117721,1.2261935232713874,2.357614106401391,6.076321069110595,1.5455757871449987
2020-11-18,0.9554786641123955,1.209937303058931,2.2819797000021493,5.798434431313364,1.51829768435588
2020-11-19,0.9520587217255209,1.2080489899246656,2.1928933548169844,6.051532753082956,1.5194224760521817
2020-11-20,0.9654754421923015,1.2016450740811897,2.1967004999964175,6.36725382231797,1.5551372138593218
2020-11-23,0.9607401529559899,1.1894094508501825,2.385279180641787,6.590345680502306,1.53826415837582
2020-11-24,0.962844647047581,1.1894094508501825,2.4195430999777896,6.429223617032263,1.5064864596964125
2020-11-25,0.9610031005908611,1.1878386528578067,2.6040607741279107,7.1219830951428555,1.4792082496310233
2020-11-27,0.9794182608205183,1.1904842339288078,3.1901014612613636,8.286366563046084,1.4794895280123015
2020-11-30,1.0078300976842347,1.1961059044823121,3.540608999935518,9.963470727548373,1.4887696763453464
2020-12-01,1.0367680327093873,1.2190062268037023,3.1337562547962072,9.198303666576049,1.4898945753179187
2020-12-02,1.073334999750443,1.224710650608331,3.184771535465936,9.328114853990781,1.501424521596108
2020-12-03,1.0546568918859147,1.2318204920513358,3.2781725548227163,10.25831671816591,1.4842701877313278
2020-12-04,1.061233727578946,1.2423199369359674,3.2043145967158364,9.949119701990773,1.5112672266917093
2020-12-07,1.085173324287069,1.2315724845944604,3.1248730451371616,10.405740708829482,1.5258904842300665
2020-12-08,1.119635797236534,1.2529020089234748,3.0487309161062903,11.080234928617509,1.5388266078621062
2020-12-09,1.1009575879261588,1.2657162741711083,2.9243653999613106,10.21461168409678,1.5197037544334602
2020-12-10,1.097800796065849,1.258689059830979,2.92106578377406,10.155903667073725,1.5154854369244495
2020-12-11,1.0817533819001943,1.2644761107384832,3.169542954748204,10.236790179829509,1.5261717626113447
2020-12-14,1.0315065438657929,1.2323992602162106,3.291877967645559,10.115460410695833,1.4069351534254493
2020-12-15,1.0183528724797302,1.244800137652969,3.203553206407839,9.603392169170503,1.4294327037718122
2020-12-16,0.9954656749861729,1.2373595355019646,3.0680201160403753,8.938682287101384,1.4322448439269724
2020-12-17,1.0004640133032026,1.270015154189112,3.3439084999391,9.393346426396311,1.42830780479924
2020-12-18,0.9912564839112974,1.2773730030889923,3.1687815644402066,9.147423119728119,1.4119970915257538
2020-12-21,0.9833644028146759,1.265054878903358,3.148730780558677,9.021526662755752,1.3970925556061184
2020-12-22,0.9665277399610205,1.2625746781863565,2.928172545140744,8.211350155244245,1.3703767950270154
2020-12-23,0.9849426972989841,1.256126232011102,3.2398476289914657,8.50228290845162,1.3715016939995877
2020-12-24,0.9804705585892373,1.2605078652802302,3.282740896670699,8.048923679304147,1.3644712363354168
2020-12-28,0.9686322340526115,1.266460296541734,2.96573588702455,7.266797265511516,1.3886560278643676
2020-12-29,0.97468287013836,1.2743141603553647,3.0525378676462758,7.461839527654378,1.4032793926789953
2020-12-30,0.9665277399610205,1.29010464123375,3.019289199934085,7.2491844622626775,1.41115347093446
2020-12-31,0.9683692864177402,1.3011001010321324,2.8302029902965335,6.814742448834098,1.4058103617291475
